player,elo
Jannik Sinner,1984.265304573119
Iga Swiatek,1869.1069486513884
Aryna Sabalenka,1851.2301248994306
Novak Djokovic,1820.7295989055986
Alexander Zverev,1819.7037932590717
Carlos Alcaraz,1810.36210108932
Coco Gauff,1803.6258533830078
Qinwen Zheng,1794.9664157931827
Taylor Fritz,1793.920899186756
Jack Draper,1730.6015534006303
Paula Badosa,1723.8616821086857
Elena Rybakina,1714.4747014526984
Daniil Medvedev,1710.0141642902834
Holger Rune,1705.7366572080387
Grigor Dimitrov,1702.7642601132404
Jessica Pegula,1702.2039571102223
Jasmine Paolini,1700.3642706696562
Diana Shnaider,1695.4691968493862
Karolina Muchova,1694.970032119255
Tommy Paul,1688.4781163236557
Alex De Minaur,1687.970110993045
Mirra Andreeva,1686.1127464777023
Karen Khachanov,1675.6549502549374
Ugo Humbert,1674.0518142981275
Sebastian Korda,1673.056442072008
Yulia Putintseva,1670.035791502862
Emma Navarro,1664.9622445627263
Matteo Berrettini,1661.5487996976647
Stefanos Tsitsipas,1660.361479815943
Daria Kasatkina,1655.7845623350672
Lorenzo Musetti,1648.9693059025476
Hubert Hurkacz,1647.191491244179
Rebecca Sramkova,1646.423080707511
Ben Shelton,1646.336738611579
Donna Vekic,1644.3294632581794
Madison Keys,1644.0474455584404
Beatriz Haddad Maia,1642.541414938963
Tomas Machac,1641.6530959734405
Marta Kostyuk,1640.397161900061
Alexei Popyrin,1634.217917638276
Emma Raducanu,1632.067860614301
Arthur Fils,1630.883430277172
Anna Kalinskaya,1625.195713913231
Danielle Collins,1625.183179783409
Frances Tiafoe,1624.7814399012916
Elina Svitolina,1623.8426620557432
Victoria Azarenka,1621.0682257841659
Jordan Thompson,1618.8144140143886
Flavio Cobolli,1615.2622193273467
Katie Boulter,1614.7636033659467
Joao Fonseca,1614.3190238645157
Barbora Krejcikova,1613.8817836555495
Denis Shapovalov,1608.799401607603
Jiri Lehecka,1607.643947236574
Jan Lennard Struff,1607.2937703476302
Amanda Anisimova,1603.2492538346125
Casper Ruud,1601.676274215082
David Goffin,1600.6572599962865
Alex Michelsen,1599.2386214805488
Gael Monfils,1596.3173640130483
Francisco Cerundolo,1595.7127050147749
Linda Noskova,1595.1847331734407
Sonay Kartal,1591.3403196774777
Olga Danilovic,1591.3096962344089
Giovanni Mpetshi Perricard,1589.4444527725693
Leylah Fernandez,1586.7403875681698
Tallon Griekspoor,1586.7038431393362
Felix Auger Aliassime,1586.151470771311
Roberto Bautista Agut,1585.5966256557813
Magdalena Frech,1583.5491727684773
Andrey Rublev,1581.4021246756356
Naomi Osaka,1579.0430427264023
Maria Sakkari,1575.6396369244137
Bu Yunchaokete,1574.9894919123524
Magda Linette,1572.9250187453629
Brandon Nakashima,1568.7268996210944
Liudmila Samsonova,1567.0462185560677
Peyton Stearns,1566.949634835557
Suzan Lamens,1566.3616562362513
Marcos Giron,1565.6658992879918
Anastasia Pavlyuchenkova,1563.305594247119
Marketa Vondrousova,1560.3748518315922
Rafael Nadal,1560.3358455858493
Caroline Wozniacki,1559.378480001018
Jakub Mensik,1558.6651393117297
Thanasi Kokkinakis,1558.1997151339192
Marie Bouzkova,1555.4257730221439
Yannick Hanfmann,1554.0239936170112
Zeynep Sonmez,1551.517584406891
Cameron Norrie,1551.0372004390156
Learner Tien,1550.5692114919095
Ekaterina Alexandrova,1550.3314832165852
Zsombor Piros,1547.8889722134825
Ons Jabeur,1545.9644532742961
Matteo Arnaldi,1545.7076693645606
Tomas Martin Etcheverry,1544.187023297327
Katerina Siniakova,1542.81988713956
Taylor Townsend,1541.2720820270108
Jelena Ostapenko,1539.2205144436907
Viktorija Golubic,1538.4973728967004
Diane Parry,1538.403218102477
Anastasia Potapova,1538.226408268114
Mayar Sherif,1537.1139972335673
Camila Osorio,1536.1334315112122
Eva Lys,1534.9527840917212
Ann Li,1534.3872634827476
Polina Kudermetova,1533.0789706853755
Facundo Bagnis,1533.0176207019929
Nam Hoang Ly,1532.6684908377624
Zizou Bergs,1532.6663400024847
Alex Knaff,1532.6026009812463
Elmer Moller,1532.0783420069974
Ricardas Berankis,1532.0
Oliver Ojakaar,1531.9661669788793
Arthur Rinderknech,1531.6848308927692
Cezar Cretu,1531.5598052248745
Franco Roncadelli,1531.2767770658227
Blaise Bicknell,1531.263693206478
Fitriadi M Rifqi,1531.263693206478
Darian King,1531.1696881316677
Katarzyna Kawa,1531.1543773806522
Elise Mertens,1531.1007800922494
Lulu Sun,1531.098948020013
Thomas Yaka Kofi Setodji,1530.498210389158
Aleksandar Vukic,1530.4343932822383
Aleksandre Bakshi,1530.4047607402513
Quentin Halys,1529.8285383516852
Nicolai Budkov Kjaer,1529.7973833540852
Sara Bejlek,1529.3395381218018
Xin Yu Wang,1529.0950535073532
Anastasija Sevastova,1528.6216661251258
Mananchaya Sawangkaew,1528.5285446771638
Alibek Kachmazov,1527.1589431610694
Irina Camelia Begu,1526.5769778927931
Yoshihito Nishioka,1526.5591181510492
Hamad Medjedovic,1526.4729005979798
Yue Yuan,1525.941178107895
Nuno Borges,1525.7304831700858
Lukas Neumayer,1525.5591107920416
Bianca Andreescu,1524.9972225538254
Henrique Rocha,1523.7964400256737
Lucia Bronzetti,1523.7430848606596
Kei Nishikori,1523.3952303544154
Karolina Pliskova,1523.0975950079596
Yuliia Starodubtseva,1521.794894293329
Miomir Kecmanovic,1521.640046824075
Beibit Zhukayev,1521.4006800867433
Elina Avanesyan,1520.5998265598203
Martin Damm,1520.4624599142528
Milos Raonic,1520.2657803552472
Pablo Carreno Busta,1519.4379093616126
Tung Lin Wu,1519.420130516212
Timofey Skatov,1519.1937578729987
Lea Boskovic,1518.7986018387248
Yasutaka Uchiyama,1518.6090458219053
Alejandro Tabilo,1518.2538425619869
Matej Dodig,1517.5203541977128
Oksana Selekhmeteva,1517.4161387864062
Yanaki Milev,1517.4018288862171
Benjamin Bonzi,1517.1564623530044
Hugo Nys,1516.736306793522
Iliyan Radulov,1516.736306793522
Jack Loutit,1516.7347685390994
Laura Siegemund,1516.4634550206968
Demetris Azoides,1516.295078722086
Yshai Oliel,1516.0138721672017
Hong Kit Jack Wong,1516.0
Nerman Fatic,1516.0
Lucas Miedler,1516.0
Belinda Bencic,1516.0
Benedict Badza,1516.0
Stylianos Christodoulou,1516.0
Boris Arias,1516.0
Gonzalo Escobar,1516.0
Niki Kaliyanda Poonacha,1516.0
Liova Ayite Ajavon,1516.0
Remy Bertola,1516.0
Juan Carlos Prado Angelo,1516.0
Diego Duran,1516.0
Viktor Durasovic,1516.0
Martyn Pawelski,1516.0
Romain Arneodo,1515.9012279506185
Anastasia Zakharova,1515.7920757962297
Roberto Carballes Baena,1515.7285879176977
Khumoun Sultanov,1515.6678665117242
Marcelo Arevalo,1515.3343214512422
Altug Celikbilek,1515.263693206478
Andres Andrade,1514.4957712380422
Selena Janicijevic,1514.3922288788353
Lukas Pokorny,1514.3899912614675
Sofia Kenin,1513.8938677447786
Mohamed Safwat,1513.7000513363064
Jazmin Ortenzi,1513.6935609852396
Aoi Ito,1513.5769606616884
Roman Safiullin,1513.1116571755786
August Holmgren,1512.7083209149903
Laura Samson,1512.5765989747583
Astra Sharma,1512.533129962518
Gabriel Diallo,1511.2994417970478
Alex Bolt,1510.7273578552545
Caroline Garcia,1510.628603185935
Ena Shibahara,1510.5865850800956
Emil Ruusuvuori,1510.3514839199731
Ioannis Xilas,1510.258543270224
Jil Teichmann,1510.1363200713351
Chloe Paquet,1508.5486585845154
Alina Korneeva,1507.8488553789293
Sayaka Ishii,1507.6026876971541
Michael Mmoh,1506.952864433544
Vasek Pospisil,1506.6762683644336
Leandro Riedi,1505.7751225194406
Kamilla Rakhimova,1505.5802423630882
Antonia Ruzic,1505.3332834792038
Jozef Kovalik,1505.3175728890617
Camilla Rosatello,1505.1689811357583
Marco Trungelliti,1505.1531258842037
Sofia Costoulas,1505.057143437188
Jodie Burrage,1504.9555276428644
Yafan Wang,1504.809855294313
Pablo Llamas Ruiz,1504.1499971309504
Juncheng Shang,1504.0341574634997
Jerome Kym,1503.8929871825685
Paul Jubb,1503.6702615497456
Iva Jovic,1503.529804084283
Giles Hussey,1503.411798871994
Justin Engel,1502.6779095437691
Mccartney Kessler,1502.3196467660855
Cristian Garin,1502.2416681293998
Daniel Cukierman,1501.9736043096323
Storm Hunter,1501.9726239390088
Viktoria Hruncakova,1501.9209227836059
Gabi Adrian Boitan,1501.6882366647446
Xiyu Wang,1501.5779931793945
Renata Zarazua,1501.5311766015946
Michael Agwi,1501.3277844562024
Sebastian Dominko,1500.8746314757116
Kaja Juvan,1500.8075367082247
Aqeel Khan,1500.7701398146428
Benjamin Balleret,1500.736306793522
Alan Fernando Rubio Fierros,1500.736306793522
Carole Monnet,1500.6986580048447
Komlavi Loglo,1500.6684908377624
Leolia Jeanjean,1500.2959723592132
David Jorda Sanchis,1500.0913614878095
Lina Glushko,1500.0472017277998
Amr Elsayed Abdou Ahmed Mohamed,1500.0
Angela Fita Boluda,1499.8715695189703
Aziz Dougaz,1499.8609393431157
Aristotelis Thanos,1499.4414260272945
Skander Mansouri,1499.2889321141038
Yassine Dlimi,1499.263693206478
Kris Van Wyk,1499.263693206478
Juan Carlos Fuentes Vasquez,1499.263693206478
Murkel Alejandro Dellien Velasco,1499.263693206478
Daniel Vallejo,1499.263693206478
Sina Moghimi,1499.263693206478
Chris Rodesch,1499.23175794951
Jacob Fearnley,1499.203888158131
Petr Nesterov,1499.1961770197822
Benjamin Hassan,1499.0647740540358
Thiago Agustin Tirante,1498.7929711008176
Alex Molcan,1498.7146481232337
Yosuke Watanuki,1498.4166277200372
Lucas Pouille,1498.394623938956
Mirza Basic,1498.2915014464033
Yanki Erel,1497.8844044861564
Johanne Christine Svendsen,1497.8238377596438
Christopher Oconnell,1497.4472352355147
Hady Habib,1497.2909185839326
N Sriram Balaji,1497.2845905379115
Alejandro Davidovich Fokina,1497.0634683650158
Daria Snigur,1497.0242716530768
Dominika Salkova,1496.9020885390676
Yibing Wu,1496.863540849437
Kimberly Birrell,1496.5466090833704
Yi Zhou,1496.5340603864404
Guiomar Maristany Zuleta De Reales,1496.5062340728498
Sinja Kraus,1496.3597846379055
Kamil Majchrzak,1496.2974884070538
Billy Harris,1495.9490822127552
Irina Bara,1495.9116019927903
Caroline Dolehide,1495.7961027982074
Botic Van De Zandschulp,1495.5754973769792
Sijia Wei,1495.4821433332295
Thiago Seyboth Wild,1494.8981294135508
Jessica Bouzas Maneiro,1494.7167004104047
Seong Chan Hong,1494.42433456252
Oscar Otte,1494.36683216779
Angelique Kerber,1494.3587629806711
Corentin Moutet,1494.2166342928163
Dalma Galfi,1494.1763142343368
Francisco Comesana,1493.9702050525405
Arianne Hartono,1493.921506882554
Alexandre Muller,1493.871656868902
Mark Lajal,1493.582354583701
Darja Semenistaja,1493.5802682210253
Clara Tauson,1493.416344236581
Destanee Aiava,1493.3554876460105
Nina Stojanovic,1493.3398139356648
Matthew Ebden,1493.2676662376323
Hugo Gaston,1493.2326511451001
Coleman Wong,1493.191091672326
Francesca Jones,1492.8922526794922
Moez Echargui,1492.8697383278975
Sohyun Park,1492.5454610560566
Andrea Vavassori,1492.2210150928154
Marina Stakusic,1492.0794902827952
Kyoka Okamura,1491.6148104487845
Dominik Koepfer,1491.6103077215917
Sara Sorribes Tormo,1491.5493039481864
Arthur Cazaux,1491.4001629618813
Duje Ajdukovic,1491.2808144748271
Julia Avdeeva,1491.200967620436
Yeon Woo Ku,1490.9240554651376
Francisco Cabral,1490.8187186237349
Elena Gabriela Ruse,1490.5374804108396
Ashlyn Krueger,1490.5144218708128
Patrick Kypson,1490.3283383471348
Zhizhen Zhang,1490.30122316346
Maya Joint,1489.801149892871
Camila Giorgi,1489.6814470441639
Dominic Stricker,1489.27584881456
Victoria Jimenez Kasintseva,1489.2412701036008
Ye Xin Ma,1488.7937436684808
Kyrian Jacquet,1488.7233966516042
Carol Zhao,1488.6391556319031
Ignacio Buse,1488.3561487835977
Jaqueline Cristian,1488.2840601970802
Fanny Stollar,1488.2503981580587
Francesco Passaro,1488.2371244955573
Noma Noha Akugue,1488.187004462921
Jurij Rodionov,1487.905452339315
Carlos Taberner,1487.5181928661596
Alice Robbe,1487.5067704527821
Leo Borg,1487.393122900247
Juan Manuel Cerundolo,1487.3692586127138
Robin Anderson,1487.346852879068
Danka Kovinic,1487.2428709406936
Anna Karolina Schmiedlova,1487.2041325771693
Dusan Lajovic,1487.0257212150839
Gijs Brouwer,1486.9879940780393
Filip Misolic,1486.8982843054982
Nick Hardt,1486.7071980277433
Vladyslav Orlov,1486.6037715896744
Martins Rocens,1486.6019785824446
Ella Seidel,1486.3767279607957
Petros Tsitsipas,1486.2092595387796
Borna Gojo,1486.1721796717984
Marius Copil,1485.9863829017877
Denis Yevseyev,1485.8216091295308
Julia Stusek,1485.7627666139015
Lucija Ciric Bagaric,1485.7563951856137
Andres Martin,1485.5442966364417
Valentin Vacherot,1485.4943396106005
Ugo Blanchet,1485.4428372706896
Fajing Sun,1485.4191403126647
Nikolas Sanchez Izquierdo,1485.358588778629
Eva Vedder,1485.063929504862
Adam Neff,1485.0035623794283
Nishesh Basavareddy,1484.9484976334506
Guido Andreozzi,1484.9380159260772
Theo Papamalamis,1484.929760560747
Manuel Guinard,1484.8531166948044
Zarina Diyas,1484.8190627159447
Jose Rubin Statham,1484.800785945937
Chiraz Bechri,1484.7768710785992
Martin Antonio Vergara Del Puerto,1484.7701398146428
Hamid Reza Nadaf,1484.7701398146428
Katherine Hui,1484.7601444825907
Karl Friberg,1484.736306793522
Tara Wurth,1484.736306793522
Yousaf Khalil,1484.7317787252255
En Shuo Liang,1484.5742596797545
Reilly Opelka,1484.548591717544
Omni Kumar,1484.5454098458868
Meiling Wang,1484.5101832929329
Matteo Gigante,1484.4463531501456
Javier Barranco Cosano,1484.2995204297479
Yu Hsiou Hsu,1484.2960570692428
Leyre Romero Gormaz,1484.2862845069062
Osgar Ohoisin,1484.284175594075
Steve Johnson,1484.2788213995736
Tim Van Rijthoven,1484.2371720400236
Max Hans Rehberg,1484.2063996801571
Luisina Giovannini,1484.129338251761
Anastasiya Soboleva,1484.1139828968192
Hina Inoue,1484.1113642303271
Oceane Dodin,1484.1013388384122
Kiranpal Pannu,1484.099947622913
Cesar Cruz,1484.0676726427585
Georgia Pedone,1484.034553755787
Rudolf Molleker,1484.0031113425464
Heve Kelley,1484.0
Alvaro Guillen Meza,1484.0
Ki Lung Ng,1484.0
Maximus Jones,1484.0
Stefanos Sakellaridis,1484.0
Kateryna Bondarenko,1484.0
Irene Burillo Escorihuela,1484.0
Gonzalo Bueno,1484.0
Dimitar Kuzmanov,1484.0
Martina Capurro Taborda,1484.0
Chak Lam Coleman Wong,1484.0
Gillian Osmont,1484.0
Min Kyu Song,1484.0
Cristina Andreea Mitu,1484.0
Emilio Gomez,1484.0
Yuliana Monroy,1484.0
Michael Bassem Sobhy,1484.0
Marina Melnikova,1484.0
Jesse Flores,1484.0
Robert Strombachs,1484.0
Rodrigo Crespo Piedra,1484.0
Matavao Fanguna,1484.0
Maxim Shin,1484.0
Thanapet Chanta,1484.0
Petros Chrysochos,1484.0
Aisam Ul Haq Qureshi,1484.0
Hamza Karmoussi,1484.0
Benjamin Lock,1484.0
Nicholas David Ionel,1484.0
Kevin Krawietz,1484.0
Rigele Te,1484.0
Andrej Nedic,1484.0
Menelaos Efstathiou,1484.0
Philip Hjorth,1484.0
Courtney John Lock,1484.0
Luca Preda,1484.0
Kwok Shun Dasson Chan,1484.0
Wishaya Trongcharoenchaikul,1484.0
Kaipo Marshall,1483.9661669788793
Marcos Lee Chan Baratau,1483.9642911822782
Ekaterina Makarova,1483.9596559539077
Jack Cheng,1483.927384119218
Liv Hovde,1483.8336719855365
Tennys Sandgren,1483.8151731914127
Otto Virtanen,1483.789499935487
Aya El Aouni,1483.7618290991054
Daniel Rincon,1483.7516901428544
Edas Butvilas,1483.7144989881297
Xinxin Yao,1483.7057048922836
Antoine Escoffier,1483.6530129221912
Rodrigo Pacheco Mendez,1483.5953833057538
Lloyd Harris,1483.5772151430067
Matteo Martineau,1483.5286064178024
Ela Nala Milic,1483.5267358632457
Viacheslav Bielinskyi,1483.5200645754267
Adria Soriano Barrera,1483.3855353083068
Bernarda Pera,1483.3642117983634
Federico Agustin Gomez,1483.360001910502
Enzo Couacaud,1483.3455067800871
Norbert Gombos,1483.3362183365064
Solana Sierra,1483.2737734999512
Valentina Mediorreal Arias,1483.2709144265025
Younes Lalami Laaroussi,1483.263693206478
Monique Barry,1483.263693206478
Barbora Palicova,1483.263693206478
Oleksandr Ovcharenko,1483.2635490094583
Alec Beckley,1483.2621464456263
Amarissa Kiara Toth,1483.2618797615683
Joris De Loore,1483.221505058539
Fernanda Contreras Gomez,1483.1975014099578
Natalija Stevanovic,1483.123491982847
Margarita Gasparyan,1483.1008321232018
Orel Kimhi,1483.0863360719163
Francisca Jorge,1483.053785138468
Dalibor Svrcina,1483.0178266100384
Anna Lena Friedsam,1482.969642849515
Raluka Serban,1482.8755842015664
Siddharth Vishwakarma,1482.858705589096
Emily Appleton,1482.7474841500011
Lisa Pigato,1482.6870088951719
Caty Mcnally,1482.567182587414
Joaquin  Aguilar Cardozo ,1482.505868496809
Vittoria Paganetti,1482.5056621439646
Mariana Isabel Higuita Barraza,1482.5041652904213
Jiri Vesely,1482.502564462307
Sebastian Fanselow,1482.4586847079959
Marko Topo,1482.4569802857213
Fangzhou Liu,1482.446148091267
Lanlana Tararudee,1482.4349564141423
Ivan Gakhov,1482.428593634251
Elena Pridankina,1482.4272147730915
Luka Mikrut,1482.3764344033943
Mili Poljicak,1482.3563315984857
Akasha Urhobo,1482.3529882304938
Andrea Pellegrino,1482.2897849639119
Harriet Dart,1482.2798903062178
Lorenzo Sonego,1482.279348472393
Radu Albot,1482.2711437995463
Renata Jamrichova,1482.2691157006843
Strong Kirchheimer,1482.1767849588598
Alexa Noel,1482.1541549503788
Amelia Rajecki,1482.114974579492
Robin Haase,1482.0894316013396
Katrina Scott,1482.0104363288299
Eudice Wong Chong,1481.9867269131116
Elliot Benchetrit,1481.9539370025923
Maxime Janvier,1481.9389475996527
Hong Yi Cody Wong,1481.8738181175697
Valeriya Strakhova,1481.8466090634638
Viktoriya Tomova,1481.7631744426753
Malak El Allami,1481.7535572935642
Benoit Paire,1481.7360493577046
Faris Zakaryia,1481.6976438868228
Fabian Marozsan,1481.6836666944366
Yasmine Kabbaj,1481.6833411843943
Eliot Spizzirri,1481.6042146689106
Hanne Vandewinkel,1481.6012322876952
Alejandro Moro Canas,1481.524728082358
Alexander Shevchenko,1481.5005586497778
Alexey Vatutin,1481.466222737804
Brenda Fruhvirtova,1481.376286158546
Elvina Kalieva,1481.362967920892
Ramkumar Ramanathan,1481.3598329247652
Andrea Collarini,1481.2152562541823
Victoria Bosio,1481.0729889290835
Victoria Rodriguez,1481.0469979305446
Berfu Cengiz,1481.0232478216133
Alexander Ritschard,1480.908906394351
Federica Di Sarra,1480.7769711562032
Omar Jasika,1480.7623903480805
Aliaksandra Sasnovich,1480.6988015760458
Gabriela Lee,1480.459549298078
Nicole Fossa Huergo,1480.3456829211366
Jesper De Jong,1480.308304594169
Gilles Arnaud Bailly,1480.1487877915522
Mika Stojsavljevic,1480.0997587860475
Julia Caffarena,1480.0851513623481
Sara Saito,1479.9706628523186
Mattia Bellucci,1479.933673713653
Han Shi,1479.909795186866
Nuria Parrizas Diaz,1479.6136183268418
Celine Naef,1479.5346094702975
Jason Kubler,1479.3379700333683
Maja Chwalinska,1479.2611401314784
Mikhail Kukushkin,1479.2535201802216
Natalia Szabanin,1479.2506965581924
Anca Alexia Todoni,1479.2097887332895
Tamira Paszek,1479.1767356832258
Joel Schwaerzler,1478.962671911973
Jana Fett,1478.8276178732833
Sebastian Baez,1478.684161777169
Branko Djuric,1478.6728878073518
Marin Cilic,1478.6123534672013
Egor Gerasimov,1478.575592394694
Yufei Ren,1478.5365414445005
Dane Sweeny,1478.2852563270649
Wushuang Zheng,1478.2621101581944
Ksenia Laskutova,1478.1242728895465
Maks Kasnikowski,1478.0712383857542
Elisabetta Cocciaretto,1477.7528123771958
Panna Udvardy,1477.751519518709
Rinky Hijikata,1477.6717414393734
Matthew Forbes,1477.473547461242
Jule Niemeier,1477.37545297204
Arthur Fery,1477.304811836063
Max Purcell,1477.1120376921772
Louisa Chirico,1477.0066466751075
Lucrezia Stefanini,1476.726069616136
Maria Lourdes Carle,1476.10794627551
Robin Montgomery,1475.733355555329
Alexander Blockx,1475.6214899477445
Stefano Napolitano,1475.5246766460816
Anhelina Kalinina,1475.47071723457
Elias Ymer,1474.6702244882574
Sara Errani,1474.2560571019515
Lukas Klein,1474.1456886028072
Maria Timofeeva,1473.3873391432553
Mitchell Krueger,1473.2540180177439
Veronika Erjavec,1473.0475288348225
Pierre Hugues Herbert,1472.9735865882476
Alexander Bublik,1472.9603465477865
Yuriko Miyazaki,1472.3625620835217
Julia Riera,1471.937539119434
Brandon Holt,1471.8560585145212
Ana Bogdan,1471.7394267733714
Stan Wawrinka,1471.5268633782596
Denis Kudla,1471.4215088344956
Tristan Schoolkate,1471.2913266628948
Arantxa Rus,1471.0878723207254
Greet Minnen,1471.0216904174026
Marton Fucsovics,1470.7497545778615
Sergey Fomin,1470.7218480068177
Darwin Blanch,1470.5387040156015
Titouan Droguet,1470.4906487967212
Hugo Dellien,1470.4142009314337
Thiago Monteiro,1470.2941374992488
Laslo Djere,1470.0521674477213
Joao Sousa,1469.9867141102416
Lola Radivojevic,1469.8497458537886
Oleksii Krutykh,1469.8197501921416
Kateryna Baindl,1469.6857124611934
Steven Diez,1469.4695015289756
Daniels Tens,1469.4679565897213
Mia Ristic,1469.1731423672402
Venus Williams,1468.9795978249565
Mei Yamaguchi,1468.9700700397227
Anna Danilina,1468.914977979919
Matic Kriznik,1468.8714238601858
Iryna Shymanovich,1468.8707519493735
Mona Barthel,1468.8221109576664
Davis Rolis,1468.7701398146428
Muhammad Shoaib,1468.7670239808692
Linh Giang Trinh,1468.736306793522
Daniela Seguel,1468.736306793522
Timea Babos,1468.736306793522
Xinyu Gao,1468.7267676719023
Nicolas Moreno De Alboran,1468.683608178321
Jan Choinski,1468.5610368825296
Carolina Alves,1468.4603644654196
Erika Andreeva,1468.4451145938679
Olivia Gadecki,1468.440765221856
Martin Landaluce,1468.1209436527774
Vitaliy Sachko,1468.09527425264
Ilya Snitari,1468.0
Kristjan Tamm,1468.0
Zura Tkemaladze,1468.0
Mate Valkusz,1467.9579040769563
Tereza Martincova,1467.893974008295
Gergana Topalova,1467.85448279824
Su Jeong Jang,1467.803981521369
Nicolas Jarry,1467.5830308094291
Vilius Gaubas,1467.4781914889572
Marcela Zacarias,1467.4041907344329
Thasaporn Naklo,1467.3882133471377
Simona Halep,1467.3830834038386
Marie Benoit,1467.3487236955414
Anthony Susanto,1467.3315091622376
Rowland Phillips,1467.3315091622376
Philip Henning,1467.3008387695043
Conor Gannon,1467.2247878798667
Ana Sofia Sanchez,1466.9744066877454
Miriam Bianca Bulgaru,1466.8832366564538
Priscilla Hon,1466.8413575986106
Fabio Fognini,1466.5839347678802
Dmitry Popko,1466.5525548814799
Saba Purtseladze,1466.5078981226104
Dayeon Back,1466.409508037307
Facundo Diaz Acosta,1466.2037677909957
Hailey Baptiste,1466.0155011668041
Kristina Mladenovic,1465.8517251100056
Roman Andres Burruchaga,1465.7943871344673
Clervie Ngounoue,1465.786860350288
Daria Saville,1465.726623417447
Aliona Falei,1465.5300420286387
Simona Waltert,1465.4118153446593
Ethan Quinn,1465.319878856127
Kathinka Von Deichmann,1464.9900522373873
Elizabeth Mandlik,1464.372524803525
Tatiana Prozorova,1464.188407987662
Dino Prizmic,1464.185488968659
Clara Burel,1463.694578360166
Henri Squire,1463.677129270336
Gustavo Heide,1463.6676687283668
Marc Polmans,1463.4496658785085
Sorana Cirstea,1463.1887033858047
Henry Searle,1463.0981182968994
Charles Broom,1462.2691733591018
Veronika Kudermetova,1462.0329253818484
Damir Dzumhur,1461.9037277700547
Varvara Lepchenko,1461.8291454164525
Jia Jing Lu,1461.4676731459704
Shuai Zhang,1461.0515716552236
Heather Watson,1460.7613898374627
Priska Madelyn Nugroho,1460.5866999867098
Cristina Bucsa,1459.1004998859637
Jessika Ponchet,1458.3837845693545
Katarina Zavatska,1457.7099013161276
Shelby Rogers,1457.5798064921564
Julia Grabher,1457.5706460848164
Abedallah Shelbayh,1457.530793752521
Tomas Barrios Vera,1456.8377426749562
Marc Andrea Huesler,1456.6626432505316
Fiona Ferro,1456.2926134614906
Sebastian Ofner,1456.031500848462
Katie Volynets,1455.9713549104015
Felipe Meligeni Alves,1455.6492631251094
Malene Helgo,1455.615764652444
Giulio Zeppieri,1455.5945377255662
Nicolas Mejia,1455.3418837569072
Ajeet Rai,1454.2392818338883
Cem Ilkel,1453.8285669244613
Soon Woo Kwon,1453.8204436337553
Raphael Collignon,1452.9774907288713
Giuliana Olmos,1452.966298371952
Yanina Wickmayer,1452.7225937017113
Arina Rodionova,1452.1823276910236
Taylah Preston,1452.0360575067411
Lin Zhu,1452.0053351516835
Anastasia Tikhonova,1451.3767561555046
Tamara Zidansek,1451.1968853649348
Gregoire Barrere,1450.0847020701897
Li Tu,1449.9310192660869
Maxime Cressy,1449.8348778438572
Christopher Eubanks,1448.8900228047987
Xiaodi You,1447.8735258657985
Jaime Faria,1447.3057997213266
Qiang Wang,1446.6654776448718
Emilio Nava,1446.389471355866
Chun Hsin Tseng,1446.376387343286
Claire Liu,1446.1724037364233
Liam Broady,1446.0500987576143
Sloane Stephens,1446.0328523900873
Marina Bassols Ribera,1445.5243393983976
Terence Atmane,1443.2255004808208
Camilo Ugo Carabelli,1442.9249503554618
Pavel Kotov,1442.5962706392545
Sachia Vickery,1442.2043382725744
Nuria Brancaccio,1441.830658267328
Pedro Martinez,1441.5672618481417
Ernesto Escobedo,1441.1179543201438
Saisai Zheng,1440.9895219436612
Eero Vasa,1439.7128257100073
Aleksandra Krunic,1437.804866639376
Alison Van Uytvanck,1437.378392249356
Varvara Gracheva,1437.2095704799656
Rebeka Masarova,1436.65791818621
Hugo Grenier,1436.651506089716
Dayana Yastremska,1435.1594601507875
James Mccabe,1435.049842698106
Luca Van Assche,1434.7597119826057
Elsa Jacquemot,1434.4401839970953
Zachary Svajda,1432.8984111014365
Andy Murray,1431.9639782662919
Mariano Navone,1430.7600579525904
Daniel Altmaier,1430.1992333661026
Luciano Darderi,1430.0539648174968
Linda Fruhvirtova,1428.4546108218628
Adrian Mannarino,1427.9756396411844
Mackenzie Mcdonald,1427.4801312777563
Lauren Davis,1426.6422028259196
Alexandra Eala,1426.4333401587269
Borna Coric,1426.0735055272785
Laura Pigossi,1425.6857227469272
James Duckworth,1425.5929336712109
Ajla Tomljanovic,1425.5341953357008
Maximilian Marterer,1424.9583561164613
Rebecca Marino,1424.9046725817218
Alize Cornet,1424.5797027898857
Alycia Parks,1423.7021742899103
Harold Mayot,1422.723902842861
Emiliana Arango,1420.085718835936
Aslan Karatsev,1419.9025894672527
Albert Ramos,1415.9788722261612
Mai Hontama,1415.448658537602
Anna Bondar,1412.5007691306455
Moyuka Uchijima,1411.423287570625
J J Wolf,1410.9991291959827
Zhuoxuan Bai,1410.935643562158
Richard Gasquet,1408.659152909574
Vit Kopriva,1405.741947425235
Daniel Elahi Galan,1404.8209736697356
Daniel Evans,1404.1111176354054
Shintaro Mochizuki,1403.4388299562552
Martina Trevisan,1402.520303264252
Juan Pablo Varillas,1402.3123338445664
Petra Martic,1402.185102858985
Jaume Munar,1401.9575055905889
Nadia Podoroska,1401.180920153516
Aleksandar Kovacevic,1401.0670684282918
Bernabe Zapata Miralles,1399.968296245529
Lesia Tsurenko,1399.947930704887
Emina Bektas,1396.5154465260619
Kayla Day,1395.2228533906018
Dominic Thiem,1394.8036417538763
Luca Nardi,1390.2048809955056
Federico Coria,1388.1963782968942
Diego Schwartzman,1383.8756347329208
Adam Walton,1383.7331620082753
Anna Blinkova,1382.9768482021373
Constant Lestienne,1382.810378518309
Taro Daniel,1380.9761334659888
Sumit Nagal,1371.825277185047
Nao Hibino,1370.7829746512814
Tamara Korpatsch,1367.5020256239382
Pedro Cachin,1366.9740602437075
Tatjana Maria,1359.6129740044191
